Feedback,Sentiment
The workload was too heavy for an intern.,Negative
The workload was too heavy for an intern.,Negative
There was a lack of structured learning opportunities.,Negative
I received constructive feedback regularly.,Positive
The internship did not meet my expectations.,Negative
The project requirements changed frequently.,Negative
Deadlines were unrealistic and stressful.,Negative
The internship improved my analytical thinking.,Positive
The internship exceeded my expectations.,Positive
Communication delays slowed down my progress.,Negative
Training resources were insufficient.,Negative
I received support whenever I faced difficulties.,Positive
Instructions for tasks were often unclear.,Negative
I received support whenever I faced difficulties.,Positive
Communication between team members was poor.,Negative
The workload affected my learning experience.,Negative
Meetings were often unproductive.,Negative
I received very little feedback on my work.,Negative
I developed strong problem-solving skills.,Positive
The internship experience could have been better.,Negative
The internship helped me build my portfolio.,Positive
The internship exceeded my expectations.,Positive
There were frequent technical issues.,Negative
Tasks were assigned without enough explanation.,Negative
The team encouraged creativity and innovation.,Positive
I was able to apply theoretical knowledge in practice.,Positive
I faced difficulties accessing required tools.,Negative
There was poor coordination within the team.,Negative
There was poor coordination within the team.,Negative
The workload was too heavy for an intern.,Negative
I was able to apply theoretical knowledge in practice.,Positive
Communication between team members was poor.,Negative
I received constructive feedback regularly.,Positive
The team members were friendly and cooperative.,Positive
I faced difficulties accessing required tools.,Negative
I developed strong problem-solving skills.,Positive
The projects were well structured and meaningful.,Positive
I received support whenever I faced difficulties.,Positive
I improved my communication and teamwork skills.,Positive
The mentor was very supportive and always available.,Positive
I was able to apply theoretical knowledge in practice.,Positive
The internship exceeded my expectations.,Positive
The workload was too heavy for an intern.,Negative
The internship improved my Python programming skills.,Positive
I gained practical industry experience.,Positive
The work environment was positive and motivating.,Positive
The workload affected my learning experience.,Negative
The project objectives were not clearly defined.,Negative
I improved my communication and teamwork skills.,Positive
The project objectives were not clearly defined.,Negative
The project requirements changed frequently.,Negative
The tasks were challenging and educational.,Positive
The onboarding process was confusing.,Negative
The projects were well structured and meaningful.,Positive
The feedback process was inconsistent.,Negative
The work environment was stressful.,Negative
The mentor explained concepts clearly.,Positive
I received support whenever I faced difficulties.,Positive
The workload affected my learning experience.,Negative
The mentor guided me throughout the program.,Positive
The internship lacked proper organization.,Negative
The organization provided useful training sessions.,Positive
The projects helped me understand real-world applications.,Positive
Communication delays slowed down my progress.,Negative
Communication between team members was poor.,Negative
The internship provided excellent learning opportunities.,Positive
I received constructive feedback regularly.,Positive
The workload was too heavy for an intern.,Negative
The organization provided useful training sessions.,Positive
Communication between team members was poor.,Negative
The tasks were challenging and educational.,Positive
I received constructive feedback regularly.,Positive
Instructions for tasks were often unclear.,Negative
The mentor was often unavailable.,Negative
I was able to apply theoretical knowledge in practice.,Positive
There was a lack of structured learning opportunities.,Negative
The internship helped me build my portfolio.,Positive
The internship improved my analytical thinking.,Positive
The projects helped me understand real-world applications.,Positive
The project requirements changed frequently.,Negative
Meetings were often unproductive.,Negative
Tasks were assigned without enough explanation.,Negative
I developed strong problem-solving skills.,Positive
The projects were well structured and meaningful.,Positive
I learned industry best practices.,Positive
The mentor guided me throughout the program.,Positive
The team members were friendly and cooperative.,Positive
I was able to apply theoretical knowledge in practice.,Positive
I received constructive feedback regularly.,Positive
The internship provided excellent learning opportunities.,Positive
The internship experience could have been better.,Negative
I developed strong problem-solving skills.,Positive
The mentor explained concepts clearly.,Positive
I felt unsupported during difficult tasks.,Negative
I learned valuable machine learning concepts.,Positive
The projects were well structured and meaningful.,Positive
There was poor coordination within the team.,Negative
The team members were friendly and cooperative.,Positive
The onboarding process was confusing.,Negative
The internship improved my analytical thinking.,Positive
The workload affected my learning experience.,Negative
I received support whenever I faced difficulties.,Positive
I learned industry best practices.,Positive
Meetings were often unproductive.,Negative
The work environment was stressful.,Negative
The internship lacked proper organization.,Negative
I learned industry best practices.,Positive
The internship helped me build my portfolio.,Positive
Communication delays slowed down my progress.,Negative
The tasks were challenging and educational.,Positive
I gained practical industry experience.,Positive
Tasks were assigned without enough explanation.,Negative
The mentor guided me throughout the program.,Positive
The workload affected my learning experience.,Negative
The internship did not meet my expectations.,Negative
I improved my communication and teamwork skills.,Positive
The internship improved my analytical thinking.,Positive
The workload affected my learning experience.,Negative
I felt unsupported during difficult tasks.,Negative
The internship experience could have been better.,Negative
The organization provided useful training sessions.,Positive
The internship lacked proper organization.,Negative
Deadlines were unrealistic and stressful.,Negative
Training resources were insufficient.,Negative
I gained confidence in my technical abilities.,Positive
The internship lacked proper organization.,Negative
The internship helped me build my portfolio.,Positive
I developed strong problem-solving skills.,Positive
Communication between team members was poor.,Negative
The feedback process was inconsistent.,Negative
The team encouraged creativity and innovation.,Positive
The mentor was very supportive and always available.,Positive
The internship experience could have been better.,Negative
The work environment was positive and motivating.,Positive
There was poor coordination within the team.,Negative
The mentor was often unavailable.,Negative
The work environment was stressful.,Negative
The internship lacked proper organization.,Negative
Communication delays slowed down my progress.,Negative
The projects helped me understand real-world applications.,Positive
The projects helped me understand real-world applications.,Positive
The work environment was positive and motivating.,Positive
There was poor coordination within the team.,Negative
The internship exceeded my expectations.,Positive
The onboarding process was confusing.,Negative
The feedback process was inconsistent.,Negative
I received constructive feedback regularly.,Positive
I learned valuable machine learning concepts.,Positive
The work environment was positive and motivating.,Positive
The mentor explained concepts clearly.,Positive
The internship experience could have been better.,Negative
The internship improved my analytical thinking.,Positive
Deadlines were unrealistic and stressful.,Negative
Meetings were often unproductive.,Negative
Deadlines were unrealistic and stressful.,Negative
Training resources were insufficient.,Negative
Training resources were insufficient.,Negative
The team members were friendly and cooperative.,Positive
Communication between team members was poor.,Negative
I was able to apply theoretical knowledge in practice.,Positive
There was a lack of structured learning opportunities.,Negative
There was a lack of structured learning opportunities.,Negative
I learned industry best practices.,Positive
I learned valuable machine learning concepts.,Positive
The organization provided useful training sessions.,Positive
I learned valuable machine learning concepts.,Positive
The internship experience could have been better.,Negative
I felt unsupported during difficult tasks.,Negative
Instructions for tasks were often unclear.,Negative
I learned valuable machine learning concepts.,Positive
The mentor was very supportive and always available.,Positive
Instructions for tasks were often unclear.,Negative
Instructions for tasks were often unclear.,Negative
I learned valuable machine learning concepts.,Positive
The team members were friendly and cooperative.,Positive
The project objectives were not clearly defined.,Negative
I gained confidence in my technical abilities.,Positive
The team members were friendly and cooperative.,Positive
I felt unsupported during difficult tasks.,Negative
I improved my communication and teamwork skills.,Positive
The feedback process was inconsistent.,Negative
The work environment was positive and motivating.,Positive
Meetings were often unproductive.,Negative
There was a lack of structured learning opportunities.,Negative
I learned valuable machine learning concepts.,Positive
I struggled due to a lack of guidance.,Negative
Communication delays slowed down my progress.,Negative
The workload was too heavy for an intern.,Negative
I developed strong problem-solving skills.,Positive
I gained practical industry experience.,Positive
The work environment was positive and motivating.,Positive
There was a lack of structured learning opportunities.,Negative
The mentor was often unavailable.,Negative
I faced difficulties accessing required tools.,Negative
Training resources were insufficient.,Negative
I gained practical industry experience.,Positive
I faced difficulties accessing required tools.,Negative
The workload was too heavy for an intern.,Negative
The organization provided useful training sessions.,Positive
The internship experience could have been better.,Negative
I gained confidence in my technical abilities.,Positive
The team members were friendly and cooperative.,Positive
I learned how to work in a professional environment.,Positive
The work environment was stressful.,Negative
The mentor was often unavailable.,Negative
I felt unsupported during difficult tasks.,Negative
The internship did not meet my expectations.,Negative
The team members were friendly and cooperative.,Positive
I learned how to work in a professional environment.,Positive
I gained practical industry experience.,Positive
I gained confidence in my technical abilities.,Positive
Meetings were often unproductive.,Negative
I developed strong problem-solving skills.,Positive
I received support whenever I faced difficulties.,Positive
Deadlines were unrealistic and stressful.,Negative
The work environment was positive and motivating.,Positive
The tasks were challenging and educational.,Positive
The project requirements changed frequently.,Negative
Deadlines were unrealistic and stressful.,Negative
The mentor was very supportive and always available.,Positive
I gained practical industry experience.,Positive
Communication between team members was poor.,Negative
Training resources were insufficient.,Negative
I faced difficulties accessing required tools.,Negative
I improved my communication and teamwork skills.,Positive
There was a lack of structured learning opportunities.,Negative
The mentor guided me throughout the program.,Positive
The internship provided excellent learning opportunities.,Positive
Communication delays slowed down my progress.,Negative
I struggled due to a lack of guidance.,Negative
The projects were well structured and meaningful.,Positive
The project objectives were not clearly defined.,Negative
Communication delays slowed down my progress.,Negative
Deadlines were unrealistic and stressful.,Negative
Instructions for tasks were often unclear.,Negative
The internship exceeded my expectations.,Positive
The team members were friendly and cooperative.,Positive
I gained practical industry experience.,Positive
The onboarding process was confusing.,Negative
The onboarding process was confusing.,Negative
Tasks were assigned without enough explanation.,Negative
The internship did not meet my expectations.,Negative
The project requirements changed frequently.,Negative
I learned valuable machine learning concepts.,Positive
Tasks were assigned without enough explanation.,Negative
I learned valuable machine learning concepts.,Positive
Deadlines were unrealistic and stressful.,Negative
Communication between team members was poor.,Negative
The feedback process was inconsistent.,Negative
I gained confidence in my technical abilities.,Positive
The internship helped me build my portfolio.,Positive
The mentor was very supportive and always available.,Positive
The internship improved my Python programming skills.,Positive
The projects were well structured and meaningful.,Positive
I developed strong problem-solving skills.,Positive
The work environment was positive and motivating.,Positive
The team members were friendly and cooperative.,Positive
The team encouraged creativity and innovation.,Positive
Meetings were often unproductive.,Negative
I learned how to work in a professional environment.,Positive
I learned how to work in a professional environment.,Positive
The projects were well structured and meaningful.,Positive
The work environment was stressful.,Negative
The mentor explained concepts clearly.,Positive
The team encouraged creativity and innovation.,Positive
The workload was too heavy for an intern.,Negative
I felt unsupported during difficult tasks.,Negative
The internship exceeded my expectations.,Positive
The internship did not meet my expectations.,Negative
The project requirements changed frequently.,Negative
The internship helped me build my portfolio.,Positive
I received support whenever I faced difficulties.,Positive
There was poor coordination within the team.,Negative
The workload was too heavy for an intern.,Negative
Training resources were insufficient.,Negative
Tasks were assigned without enough explanation.,Negative
I struggled due to a lack of guidance.,Negative
I developed strong problem-solving skills.,Positive
I developed strong problem-solving skills.,Positive
The feedback process was inconsistent.,Negative
The project objectives were not clearly defined.,Negative
The mentor guided me throughout the program.,Positive
The feedback process was inconsistent.,Negative
I received very little feedback on my work.,Negative
Deadlines were unrealistic and stressful.,Negative
Deadlines were unrealistic and stressful.,Negative
The internship improved my analytical thinking.,Positive
I received constructive feedback regularly.,Positive
The internship experience could have been better.,Negative
The team encouraged creativity and innovation.,Positive
The organization provided useful training sessions.,Positive
There was a lack of structured learning opportunities.,Negative
The mentor was very supportive and always available.,Positive
I received very little feedback on my work.,Negative
I received constructive feedback regularly.,Positive
I received very little feedback on my work.,Negative
I learned valuable machine learning concepts.,Positive
The internship provided excellent learning opportunities.,Positive
There was poor coordination within the team.,Negative
I received constructive feedback regularly.,Positive
